{
  "meta": {
    "configVersion": "1.0.0",
    "exodusVersionCreated": "24.47.4",
    "exodusVersionUpdated": "24.47.4",
    "createdAt": "Thu Dec 19 2024 21:49:30 GMT+0100 (Центральная Европа, стандартное время)",
    "updatedAt": "Thu Dec 19 2024 21:50:57 GMT+0100 (Центральная Европа, стандартное время)"
  },
  "data": {
    "fiat": {
      "unit": "RUB"
    },
    "theme": {
      "name": "equinox"
    },
    "notifications": {
      "tx": {
        "received": {
          "enabled": true
        }
      }
    },
    "portfolio": {
      "sort": {
        "order": "balance",
        "direction": "normal"
      },
      "filter": {
        "with-balance": false,
        "only-favorite": false
      }
    },
    "lockDuration": null,
    "hardware": {
      "listenForNewDevices": true,
      "rememberDevices": true,
      "hiddenWalletAccounts": {}
    },
    "moneroCustomNodeUrl": null,
    "moneroCursor": null,
    "moneroSubaddressesEnabled": false,
    "moneroAutoSyncEnabled": null,
    "moneroHasSyncRequest": false,
    "adaLegacyAddressEnabled": false,
    "bitcoinLegacyAddressEnabled": false,
    "bitcoinTaprootAddressEnabled": false,
    "sounds": {
      "all": {
        "enabled": true,
        "volume": 1
      }
    },
    "dapps": {
      "installedDapps": {
        "compoundFinance": false
      }
    },
    "favorite-assets": {},
    "earnRewards": {
      "dashboardView": "grid"
    },
    "settings": {
      "assets": {
        "sort": {
          "order": "name",
          "direction": "normal"
        }
      }
    },
    "wallet": {
      "navigation-settings": {
        "sort": "default",
        "filters": []
      },
      "layout": "v1",
      "showAdvanced": true,
      "showNav": true
    },
    "marketHistory": {
      "bumpVersion": "v1"
    },
    "advanced": {
      "advancedMode": {
        "assets": {}
      }
    },
    "zoomFactor": 1,
    "nfts": {
      "hasStored": false
    },
    "telemetry": {
      "optInPreference": true
    }
  }
}
